Category_Name,Item_Name,Item_Online_display_name,Price,Commission_Type__P_Percentage__F_Fixed__N_None_,Commission_Value
BAR RUM,BACARDI ANEJO 4 YEARS,,400,P,5
BAR RUM,BACARDI RESERVA OCHO 8,,500,P,5
BAR RUM,DIPLOMATIC RESERVO,,900,P,5
BAR RUM,DIPLOMATIC MAN TUANO,,550,P,5
BAR WINE,Mateus Rose Spraakling,,7500,P,5
BAR WINE,Asolo Prosecco,,8400,P,5
BAR WINE,Mateus Rose,,4500,P,5
BAR WINE,Nederburg Sauvignon Blanc,,5500,P,5
BAR WINE,Zonin Pinot Grigio Friuli Doc,,5500,P,5
BAR WINE,Yellow Tail Chardonnay,,5000,P,5
BAR WINE,Two Ocean Chardonnay,,3500,P,5
BAR WINE,Jacob Creek Chardonnay,,3500,P,5
BAR WINE,B And G MERLOT,,5000,P,5
BAR WINE,B And G Cabernet Sauvignon,,5000,P,5
BAR WINE,Nederburg Shiraz,,5500,P,5
BAR WINE,Zonin Chianti,,5500,P,5
BAR WINE,Yellow Tail Shiraz,,5000,P,5
BAR WINE,Two Ocean Pinotage,,3500,P,5
BAR WINE,Jacob Creek Shiraz Cabernet,,3500,P,5
BAR WINE,Sula Brut,,2500,P,5
BAR WINE,Grover La Resere,,2750,P,5
BAR WINE,Grover Cabernet Shiraz,,1750,P,5
BAR WINE,Sula Rasa Syrah,,3750,P,5
BAR WINE,Sula Satori,,1750,P,5
BAR WINE,Reveilo Merlot,,1750,P,5
BAR WINE,Reveilo Cabernet Sauvignon,,1900,P,5
BAR WINE,Fratelli Sangiovese,,2300,P,5
BAR WINE,The Source Sauvignon Blanc,,3000,P,5
BAR WINE,Sula Chenin Blanc,,1600,P,5
BAR WINE,Sula Sauvignon Blanc,,1750,P,5
BAR WINE,Reveilo Chardonnay,,1850,P,5
BAR WINE,Fratelli Chenin Blanc,,1750,P,5
BAR WINE,Fratelli Sauvignon Blanc,,1750,P,5
BAR WINE,Grover Sauvignon Blanc,,1750,P,5
BAR WINE,Sula Zinfandel Rose,,1750,P,5
BAR WINE,The Source Grenache Rose,,3000,P,5
BAR WINE,Cono Sur Pinot Noir,Cono Sur Pinot Noir,5750,P,5
BAR WINE,MATEUS ROSE SPARKLING,MATEUS ROSE SPARKLING,7500,P,5
BAR WINE,PAMPAS DEL SUR RESERVE MALBEC,PAMPAS DEL SUR RESERVE MALBEC,7500,P,5
BAR WINE,The Black Shiraz Berton,The Black Shiraz Berton,8000,P,5
LIQUOR BOTTLE,BLUE LABEL (BTL),,74375,P,5
LIQUOR BOTTLE,BLACK LABEL (BTL),,16125,P,5
LIQUOR BOTTLE,TEACHER'S 50 (BTL),,9375,P,5
LIQUOR BOTTLE,VAT 69 (BTL),,7875,P,5
LIQUOR BOTTLE,RED LABEL (BTL),,9375,P,5
LIQUOR BOTTLE,GLENLIVET -15 YEARS (BTL),,37500,P,5
LIQUOR BOTTLE,GLENMORANGIE - 10 YEARS (BTL),,23750,P,5
LIQUOR BOTTLE,TALISKER -10 YEARS (BTL),,23750,P,5
LIQUOR BOTTLE,GLENLIVET - 12 YEARS (BTL),,23750,P,5
LIQUOR BOTTLE,CARDHU - 12 YEARS (BTL),,23750,P,5
LIQUOR BOTTLE,GLENFIDDICH - 12 YEARS (BTL),,23750,P,5
LIQUOR BOTTLE,CAOL ILA - 12 YEARS (BTL),,27375,P,5
LIQUOR BOTTLE,AMRUT - AMALGAM (BTL),,12500,P,5
LIQUOR BOTTLE,JACK DANIEL'S (BTL),,16125,P,5
LIQUOR BOTTLE,JIM BEAM (BTL),,7875,P,5
LIQUOR BOTTLE,JAMESON (BTL),,10875,P,5
LIQUOR BOTTLE,ANTIQUITY BLUE (BTL),,6875,P,5
LIQUOR BOTTLE,ROYAL CHALLENGE (BTL),,6875,P,5
LIQUOR BOTTLE,BLENDER'S PRIDE (BTL),,6875,P,5
LIQUOR BOTTLE,SIGNATURE (BTL),,6875,P,5
LIQUOR BOTTLE,BACARDI ANEJO 4 YEARS (BTL),,10000,P,5
LIQUOR BOTTLE,BACARDI RESERVA OCHO 8 (BTL),,12500,P,5
LIQUOR BOTTLE,DIPLOMATIC RESERVO (BTL),,22500,P,5
LIQUOR BOTTLE,BACARDI BLACK (BTL),,6875,P,5
LIQUOR BOTTLE,BACARDI LEMON (BTL),,6875,P,5
LIQUOR BOTTLE,CIROC (BTL),,17375,P,5
LIQUOR BOTTLE,GREY GOOSE (BTL),,17375,P,5
LIQUOR BOTTLE,BELVEDERE (BTL),,17375,P,5
LIQUOR BOTTLE,ABSOLUT (BTL),,8125,P,5
LIQUOR BOTTLE,ABSOLUT FLAVOUR (BTL),,8125,P,5
LIQUOR BOTTLE,KETEL ONE (BTL),,8750,P,5
LIQUOR BOTTLE,SMIRNOFF (BTL),,6875,P,5
LIQUOR BOTTLE,SMIRNOFF FLAVOUR (BTL),,6875,P,5
LIQUOR BOTTLE,GORDON'S (BTL),,10625,P,5
LIQUOR BOTTLE,BOMBAY SAPPHIRE (BTL),,10625,P,5
LIQUOR BOTTLE,MONKEY 47 (BTL),,18750,P,5
LIQUOR BOTTLE,HENDRICKS (BTL),,18750,P,5
LIQUOR BOTTLE,THE BOTANIST (BTL),,22500,P,5
LIQUOR BOTTLE,TANQUERAY (BTL),,11250,P,5
LIQUOR BOTTLE,BLUE RIBAND (BTL),,6875,P,5
LIQUOR BOTTLE,SAUZA (GOLD) (BTL),,10875,P,5
LIQUOR BOTTLE,SAUZA (SILVER) (BTL),,10875,P,5
LIQUOR BOTTLE,JOSE COERO (GOLD) (BTL),,10875,P,5
LIQUOR BOTTLE,JOSE COERO (SILVER) (BTL),,10875,P,5
LIQUOR BOTTLE,SIEMPRE REPOSADO (BTL),,21250,P,5
LIQUOR BOTTLE,SIEMPRE SILVER (BTL),,18750,P,5
LIQUOR BOTTLE,XO (BTL) (BTL),,82500,P,5
LIQUOR BOTTLE,VSOP (BTL) (BTL),,34375,P,5
LIQUOR BOTTLE,VS (BTL),,18750,P,5
LIQUOR BOTTLE,Norm Inida (BTL),,18750,P,5
LIQUOR BOTTLE,Russian Standard Gold (BTL),,8750,P,5
BAR MALT WHISKY,LAGAVULIN -16 YEARS,,1725,P,5
BAR MALT WHISKY,GLENFIDDICH - 18 YEARS,,1975,P,5
BAR MALT WHISKY,GLENFIDDICH -15 YEARS,,1500,P,5
BAR MALT WHISKY,GLENLIVET -15 YEARS,,1500,P,5
BAR MALT WHISKY,HIBIKI 12 YEARS,,1900,P,5
BAR MALT WHISKY,LAPHROAIG 10 YEARS,,1600,P,5
BAR MALT WHISKY,YAMAZAKI,,3100,P,5
BAR MALT WHISKY,Jura 12 Years,,1100,P,5
BAR MALT WHISKY,Dalmore 12 Years,dalmore,1800,P,5
BAR MALT WHISKY,The Glenlivet 18 Years,the glenlivet 18 years,2000,P,5
BAR MALT WHISKY,Dalmore 15 Years,,2500,P,5
BAR VODKA & GIN,MONKEY 47,,750,P,5
BAR VODKA & GIN,HENDRICKS,,750,P,5
BAR VODKA & GIN,THE BOTANIST,,900,P,5
BAR VODKA & GIN,Norm Inida,Norm Inida,750,P,5
BAR VODKA & GIN,Beluga,beluga,725,P,5
BAR Wine Indian,The Source Sav Blanc Reserve,,3450,P,5
BAR Wine Indian,Rasa Syrah,,4620,P,5
INDIAN SEA FOOD,Indian Prawns (100 GMS),Indian Prawns,450,P,5
INDIAN SEA FOOD,Indian Prawns (150 GMS),Indian Prawns,675,P,5
INDIAN SEA FOOD,Indian Prawns (250 GMS),Indian Prawns,900,P,5
COASTAL SEA FOOD,Prawns (100 GMS),Tiger Prawns,450,P,5
COASTAL SEA FOOD,Prawns (150 GMS),Tiger Prawns,675,P,5
COASTAL SEA FOOD,Prawns (200 GMS),Tiger Prawns,900,P,5
COASTAL SEA FOOD,Prawns (250 GMS),Tiger Prawns,1125,P,5
COASTAL SEA FOOD,Prawns (300 GMS),Tiger Prawns,1350,P,5
COASTAL SEA FOOD,Pompfret (500 GMS),Large Pomfret,2250,P,5
COASTAL SEA FOOD,Pompfret (600 GMS),Large Pomfret,2700,P,5
COASTAL SEA FOOD,Pompfret (700 GMS),Large Pomfret,3150,P,5
COASTAL SEA FOOD,Pompfret (800 GMS),Large Pomfret,3600,P,5
COASTAL SEA FOOD,Crab (500 GMS),Crab,2000,P,5
COASTAL SEA FOOD,Crab (600 GMS),Crab,2400,P,5
COASTAL SEA FOOD,Crab (700 GMS),Crab,2800,P,5
COASTAL SEA FOOD,Crab (800 GMS),Crab,3200,P,5
COASTAL SEA FOOD,Crab (900 GMS),Crab,3600,P,5
COASTAL SEA FOOD,Lobster (400 GMS),Lobster,1800,P,5
COASTAL SEA FOOD,Lobster (500 GMS),Lobster,2250,P,5
COASTAL SEA FOOD,Lobster (600 GMS),Lobster,2700,P,5
COASTAL SEA FOOD,Lobster (700 GMS),Lobster,3150,P,5
COASTAL SEA FOOD,Lobster (800 GMS),Lobster,3600,P,5
COASTAL SEA FOOD,Coastal Prawns (100 GMS),Coastal Prawns,450,P,5
COASTAL SEA FOOD,Coastal Prawns (150 GMS),Coastal Prawns,675,P,5
COASTAL SEA FOOD,Coastal Prawns (250 GMS),Coastal Prawns,900,P,5
TANDOOR SEA FOOD,Tandoori Prawns  (100 Gms),Tandoori Prawns,0,P,5
TANDOOR SEA FOOD,Tandoori Prawns  (100 Gms) (100 GMS),Tandoori Prawns,450,P,5
TANDOOR SEA FOOD,Tandoori Prawns  (100 Gms) (150 GMS),Tandoori Prawns,675,P,5
TANDOOR SEA FOOD,Tandoori Prawns  (100 Gms) (250 GMS),Tandoori Prawns,900,P,5
BAR Imported Wine,Jacobs Creek Chardonnay,,5000,P,5
BAR Imported Wine,Jacobs Cabernet Shiraz,,5000,P,5
BAR Imported Wine,Barton & Guestier Reserve Merlot,,5000,P,5
BAR Imported Wine,El .Goru Monastrell.Syrah.Petit Verdot,,6650,P,5
BAR Imported Wine,The Black Shiraz Berton Vineyard,,8000,P,5
BAR Imported Wine,The Vermentino Berton Vineyard,,7700,P,5
BAR Imported Wine,Los Vascos Chardonnay,,8100,P,5
BAR Imported Wine,Casillero Del Diablo Merlot,,7500,P,5
BAR Imported Wine,Zuccardi Malbec,,11000,P,5
BAR Imported Wine,Santa Julia Malbec,,6800,P,5
BAR Imported Wine,Santa Julia Torrontes,,6800,P,5
BAR Imported Wine,Pampas Del Sur Malbec,,7500,P,5
BAR Imported Wine,Neserburg Sauvignon Blanc,,7000,P,5
BAR Imported Wine,Neserburg Shiraz,,7000,P,5
BAR SCOTCH WHISKY,GOLD LABEL,,975,P,5
BAR SCOTCH WHISKY,CHIVAS REGAL -18 YEARS,,1295,P,5
BAR SCOTCH WHISKY,BLUE LABEL,,2975,P,5
BAR SCOTCH WHISKY,MONKEY SHOULDER,,695,P,5
BAR SCOTCH WHISKY,Macallan 12 Yrs,macallan 12 yrs,1199,P,5
ORIENTAL SEA FOOD,Chinese Prawns (100 GMS),Chinese Prawns,450,P,5
ORIENTAL SEA FOOD,Chinese Prawns (150 GMS),Chinese Prawns,675,P,5
ORIENTAL SEA FOOD,Chinese Prawns (250 GMS),Chinese Prawns,900,P,5
BAR CLASSIC COCKTAILS,Double Bull Frog,,1000,P,5
BAR CLASSIC COCKTAILS,Whisky Sour Chivas Regal 18 Yrs,whisky sour chivas regal 18 yrs,1900,P,5
BAR CLASSIC COCKTAILS,Whisky Sour Jura,whisky sour jura,1650,P,5
BAR CLASSIC COCKTAILS,Margarita (SIEMPRE SILVER),,1150,P,5
BAR CLASSIC COCKTAILS,Bloody Mary (ABSOLUT),,600,P,5
BAR CLASSIC COCKTAILS,Bloody Mary (BELVEDERE),,990,P,5
BAR CLASSIC COCKTAILS,Bloody Mary (GREY GOOSE),,990,P,5
BAR CLASSIC COCKTAILS,Bloody Mary (CIROC),,990,P,5
BAR CLASSIC COCKTAILS,Bloody Mary (KETEL ONE),,750,P,5
BAR CLASSIC COCKTAILS,Screw Driver (ABSOLUT),,600,P,5
BAR CLASSIC COCKTAILS,Screw Driver (BELVEDERE),,990,P,5
BAR CLASSIC COCKTAILS,Screw Driver (CIROC),,990,P,5
BAR CLASSIC COCKTAILS,Screw Driver (GREY GOOSE),,990,P,5
BAR CLASSIC COCKTAILS,Screw Driver (KETEL ONE),,750,P,5
BAR CLASSIC COCKTAILS,Whisky Sour (BALLANTINES),,750,P,5
BAR CLASSIC COCKTAILS,Whisky Sour (BLACK LABEL),,990,P,5
BAR CLASSIC COCKTAILS,Whisky Sour (CHIVAS REGAL),,990,P,5
BAR CLASSIC COCKTAILS,Whisky Sour (GLENFIDDICH - 12 YEARS),,1400,P,5
BAR CLASSIC COCKTAILS,Whisky Sour (GLENLIVET - 12 YEARS),,1400,P,5
BAR CLASSIC COCKTAILS,Whisky Sour (TEACHER'S 50),,750,P,5
BAR CLASSIC COCKTAILS,Whisky Sour (JACK DANIEL'S),,990,P,5
BAR CLASSIC COCKTAILS,Whisky Sour (BLACK DOG),,750,P,5
BAR CLASSIC COCKTAILS,Whisky Sour (JAMESON),,800,P,5
BAR CLASSIC COCKTAILS,Whisky Sour (MONKEY SHOULDER),,1050,P,5
BAR CLASSIC COCKTAILS,Whisky Sour (DOUBLE BLACK),,1050,P,5
BAR CLASSIC COCKTAILS,Cosmopolitan (ABSOLUT),,725,P,5
BAR CLASSIC COCKTAILS,Cosmopolitan (BELVEDERE),,990,P,5
BAR CLASSIC COCKTAILS,Cosmopolitan (CIROC),,990,P,5
BAR CLASSIC COCKTAILS,Cosmopolitan (GREY GOOSE),,990,P,5
BAR CLASSIC COCKTAILS,Cosmopolitan (KETEL ONE),,750,P,5
BAR CLASSIC COCKTAILS,Manhattan (JACK DANIEL'S),,990,P,5
BAR CLASSIC COCKTAILS,Old Fashioned (JACK DANIEL'S),,990,P,5
BAR CLASSIC COCKTAILS,Old Fashioned (GLENFIDDICH - 12 YEARS),,1400,P,5
BAR CLASSIC COCKTAILS,Old Fashioned (BLACK LABEL),,990,P,5
BAR CLASSIC COCKTAILS,Old Fashioned (CHIVAS REGAL),,990,P,5
BAR CLASSIC COCKTAILS,Old Fashioned (DOUBLE BLACK),,1050,P,5
BAR CLASSIC COCKTAILS,Old Fashioned (MONKEY SHOULDER),,1050,P,5
BAR CLASSIC COCKTAILS,White Lady (GORDON'S),,725,P,5
BAR CLASSIC COCKTAILS,White Lady (BOMBAY SAPPHIRE),,725,P,5
BAR CLASSIC COCKTAILS,White Lady (MONKEY 47),,1050,P,5
BAR CLASSIC COCKTAILS,White Lady (HENDRICKS),,1050,P,5
BAR CLASSIC COCKTAILS,White Lady (TANQUERAY),,750,P,5
BAR CLASSIC COCKTAILS,Negroni (BOMBAY SAPPHIRE),,725,P,5
BAR CLASSIC COCKTAILS,Negroni (GORDON'S),,725,P,5
BAR CLASSIC COCKTAILS,Negroni (HENDRICKS),,1050,P,5
BAR CLASSIC COCKTAILS,Negroni (MONKEY 47),,1050,P,5
BAR CLASSIC COCKTAILS,Negroni (THE BOTANIST),,1400,P,5
BAR CLASSIC COCKTAILS,Negroni (TANQUERAY),,750,P,5
BAR CLASSIC COCKTAILS,Sex On The Beach (ABSOLUT),,725,P,5
BAR CLASSIC COCKTAILS,Sex On The Beach (GREY GOOSE),,990,P,5
BAR CLASSIC COCKTAILS,Sex On The Beach (BELVEDERE),,990,P,5
BAR CLASSIC COCKTAILS,Sex On The Beach (CIROC),,990,P,5
BAR CLASSIC COCKTAILS,Sex On The Beach (KETEL ONE),,750,P,5
BAR CLASSIC COCKTAILS,Sunrise Tequila (SIEMPRE SILVER),,1150,P,5
BAR CLASSIC COCKTAILS,Blue Lagoon (ABSOLUT),,725,P,5
BAR CLASSIC COCKTAILS,Blue Lagoon (BELVEDERE),,990,P,5
BAR CLASSIC COCKTAILS,Blue Lagoon (GREY GOOSE),,990,P,5
BAR CLASSIC COCKTAILS,Blue Lagoon (CIROC),,990,P,5
BAR CLASSIC COCKTAILS,Blue Lagoon (KETEL ONE),,750,P,5
BAR CLASSIC COCKTAILS,Caprioska (ABSOLUT),,600,P,5
BAR CLASSIC COCKTAILS,Caprioska (CIROC),,990,P,5
BAR CLASSIC COCKTAILS,Caprioska (GREY GOOSE),,990,P,5
BAR CLASSIC COCKTAILS,Caprioska (BELVEDERE),,990,P,5
BAR CLASSIC COCKTAILS,Caprioska (KETEL ONE),,750,P,5
BAR CLASSIC COCKTAILS,Sangria (INDIAN),Sangria,525,P,5
BAR CLASSIC COCKTAILS,Sangria (IMPORTED),Sangria,1000,P,5
BAR CLASSIC COCKTAILS,Heaven Melon (ABSOLUT),Heaven Melon,725,P,5
BAR CLASSIC COCKTAILS,Heaven Melon (BELVEDERE),Heaven Melon,990,P,5
BAR CLASSIC COCKTAILS,Heaven Melon (CIROC),Heaven Melon,990,P,5
BAR CLASSIC COCKTAILS,Heaven Melon (GREY GOOSE),Heaven Melon,990,P,5
BAR CLASSIC COCKTAILS,Heaven Melon (KETEL ONE),Heaven Melon,750,P,5
BAR CLASSIC COCKTAILS,Martini (GORDON'S),martini,725,P,5
BAR CLASSIC COCKTAILS,Martini (BOMBAY SAPPHIRE),martini,725,P,5
BAR CLASSIC COCKTAILS,Martini (HENDRICKS),martini,1050,P,5
BAR CLASSIC COCKTAILS,Martini (MONKEY 47),martini,1050,P,5
BAR CLASSIC COCKTAILS,Martini (THE BOTANIST),martini,1400,P,5
BAR CLASSIC COCKTAILS,Martini (THE BOTANIST),martini,1400,P,5
BAR CLASSIC COCKTAILS,Martini (TANQUERAY),martini,750,P,5
BAR CLASSIC COCKTAILS,Toddy (REGULAR),,900,P,5
BAR CLASSIC COCKTAILS,Toddy (VSOP),,1800,P,5
BAR CLASSIC COCKTAILS,Toddy (XO),,5000,P,5
BAR CLASSIC COCKTAILS,Gimlet (GORDON'S),,725,P,5
BAR CLASSIC COCKTAILS,Gimlet (BOMBAY SAPPHIRE),,725,P,5
BAR CLASSIC COCKTAILS,Gimlet (MONKEY 47),,1050,P,5
BAR CLASSIC COCKTAILS,Gimlet (HENDRICKS),,1050,P,5
BAR CLASSIC COCKTAILS,Gimlet (THE BOTANIST),,1400,P,5
BAR CLASSIC COCKTAILS,Gimlet (TANQUERAY),,750,P,5
BAR CLASSIC COCKTAILS,Kamikaze (ABSOLUT),,725,P,5
BAR CLASSIC COCKTAILS,Kamikaze (GREY GOOSE),,990,P,5
BAR CLASSIC COCKTAILS,Kamikaze (CIROC),,990,P,5
BAR CLASSIC COCKTAILS,Kamikaze (BELVEDERE),,990,P,5
BAR CLASSIC COCKTAILS,Kamikaze (KETEL ONE),,750,P,5
