string_field_0,string_field_1
TEA,PANTRY
COFFEE,PANTRY
MILK SHAKE,PANTRY
OMELETTE,PANTRY
OMELETTE SANDWICH,PANTRY
EGG BHURJEE,PANTRY
VEG SANDWICH,PANTRY
CHICKEN GRILLED SANDWICH,PANTRY
LASSI,PANTRY
MASALA CHAAS,PANTRY
French Fries,PANTRY
Cheese Garlic Bread,PANTRY
Garlic Bread,PANTRY
BACARDI ANEJO 4 YEARS,BAR RUM
BACARDI RESERVA OCHO 8,BAR RUM
DIPLOMATIC RESERVO,BAR RUM
DIPLOMATIC MAN TUANO,BAR RUM
BACARDI WHITE,BAR RUM
CAPTAIN MORGAN (BLACK),BAR RUM
OLD MONK (DARK),BAR RUM
BACARDI BLACK,BAR RUM
BACARDI LEMON,BAR RUM
Ashanti,BAR RUM
Mateus Rose Spraakling,BAR WINE
Asolo Prosecco,BAR WINE
Mateus Rose,BAR WINE
Nederburg Sauvignon Blanc,BAR WINE
Zonin Pinot Grigio Friuli Doc,BAR WINE
Yellow Tail Chardonnay,BAR WINE
Two Ocean Chardonnay,BAR WINE
Jacob Creek Chardonnay,BAR WINE
B And G MERLOT,BAR WINE
B And G Cabernet Sauvignon,BAR WINE
Nederburg Shiraz,BAR WINE
Zonin Chianti,BAR WINE
Yellow Tail Shiraz,BAR WINE
Two Ocean Pinotage,BAR WINE
Jacob Creek Shiraz Cabernet,BAR WINE
Sula Brut,BAR WINE
Grover La Resere,BAR WINE
Grover Cabernet Shiraz,BAR WINE
Sula Rasa Syrah,BAR WINE
Sula Satori,BAR WINE
Reveilo Merlot,BAR WINE
Reveilo Cabernet Sauvignon,BAR WINE
Fratelli Sangiovese,BAR WINE
The Source Sauvignon Blanc,BAR WINE
Sula Chenin Blanc,BAR WINE
Sula Sauvignon Blanc,BAR WINE
Reveilo Chardonnay,BAR WINE
Fratelli Chenin Blanc,BAR WINE
Fratelli Sauvignon Blanc,BAR WINE
Grover Sauvignon Blanc,BAR WINE
Sula Zinfandel Rose,BAR WINE
The Source Grenache Rose,BAR WINE
Cono Sur Pinot Noir,BAR WINE
MATEUS ROSE SPARKLING,BAR WINE
PAMPAS DEL SUR RESERVE MALBEC,BAR WINE
The Black Shiraz Berton,BAR WINE
HOUSEWINE-IMPORTED ROSE,BAR WINE
HOUSEWINE-IMPORTED WHITE,BAR WINE
HOUSEWINE-IMPORTED RED,BAR WINE
HOUSEWINE-INDIAN ROSE,BAR WINE
HOUSEWINE-INDIAN WHITE,BAR WINE
HOUSEWINE-INDIAN RED,BAR WINE
Beer One + One,BAR OTHERS
Beer Two + One,BAR OTHERS
Beer Three + One,BAR OTHERS
P D R Alcohol,BAR OTHERS
1500,Party Menu
1800,Party Menu
2500,Party Menu
1200,Party Menu
1600,Party Menu
Pdr,Party Menu
1900,Party Menu
1360,Party Menu
2000,Party Menu
907,Party Menu
1700,Party Menu
Blue Sea,BAR MOCKTAIL
Shirely Temple,BAR MOCKTAIL
Virgin Colada,BAR MOCKTAIL
Fruit Punch,BAR MOCKTAIL
Mist Fantsy,BAR MOCKTAIL
Spice Guava,BAR MOCKTAIL
Alaska,BAR MOCKTAIL
Lemon Fizz,BAR MOCKTAIL
Peach Satin,BAR MOCKTAIL
Ginger Bliss,BAR MOCKTAIL
Virgin Daiquiri,BAR MOCKTAIL
Virgin Margarita,BAR MOCKTAIL
Virgin Mojito,BAR MOCKTAIL
Virgin Toddy,BAR MOCKTAIL
Virgin Mary,BAR MOCKTAIL
Red Bull,BAR BEVERAGES
Juices Natural,BAR BEVERAGES
Fresh Lime,BAR BEVERAGES
Ginger Ale,BAR BEVERAGES
Lemon Ice Tea,BAR BEVERAGES
Tonic Water,BAR BEVERAGES
Perrier Sparkling Water 750 ML,BAR BEVERAGES
Perrier Sparkling,BAR BEVERAGES
THUMPS UP,BAR BEVERAGES
DIET COKE,BAR BEVERAGES
COLD COFFEE,BAR BEVERAGES
GREEN TEA,BAR BEVERAGES
JASMINE TEA,BAR BEVERAGES
FRESH LIME SODA,BAR BEVERAGES
FRESH LIME WATER,BAR BEVERAGES
SEVEN UP,BAR BEVERAGES
PEPSI,BAR BEVERAGES
Peach Iced Tea,BAR BEVERAGES
Soda,Complementary
Bottled Water,Complementary
Bar Snacks,Complementary
CAKE - N.c,Complementary
Sweet Corn Soup,ORIENTAL SOUPS
Tom Yum Soup,ORIENTAL SOUPS
Sour & Pepper Soup,ORIENTAL SOUPS
Talumein Soup,ORIENTAL SOUPS
Wonton & Noodle Soup,ORIENTAL SOUPS
Manchow Soup,ORIENTAL SOUPS
Tom Kha Soup,ORIENTAL SOUPS
Suimono Soup,ORIENTAL SOUPS
Lemon Coriander Soup,ORIENTAL SOUPS
Burnt Garlic Soup,ORIENTAL SOUPS
Funci Tongi Soup,ORIENTAL SOUPS
Mustard Soup,ORIENTAL SOUPS
Prawns Tom Yum Soup,ORIENTAL SOUPS
Green Pepper Crab Soup,ORIENTAL SOUPS
Seafood Creamy Corn Soup,ORIENTAL SOUPS
Seafood Combo Soup,ORIENTAL SOUPS
Spicy Crab Soup,ORIENTAL SOUPS
Malysian Soup,ORIENTAL SOUPS
Prawns Tom Kha Soup,ORIENTAL SOUPS
Seafood Suimono Soup,ORIENTAL SOUPS
CLEAR SOUP,ORIENTAL SOUPS
Veg Sweet Corn Soup,ORIENTAL SOUPS
Roti,TANDOOR BREADS
Butter Roti,TANDOOR BREADS
Naan,TANDOOR BREADS
Butter Naan,TANDOOR BREADS
Garlic Naan,TANDOOR BREADS
Cheeese Naan,TANDOOR BREADS
Plain Kulcha,TANDOOR BREADS
Stuffed Kulcha,TANDOOR BREADS
Butter Kulcha,TANDOOR BREADS
Missi Roti,TANDOOR BREADS
Paratha Plain,TANDOOR BREADS
Butter Paratha,TANDOOR BREADS
Paratha Stuffed,TANDOOR BREADS
Roomali Roti,TANDOOR BREADS
Butter Roomali Roti,TANDOOR BREADS
Methi Roti,TANDOOR BREADS
Assorted Indian Breads ( 7 Types ),TANDOOR BREADS
Lacchedar Paratha/Naan,TANDOOR BREADS
Baby Kulcha,TANDOOR BREADS
Butter Baby Kulcha,TANDOOR BREADS
Cheese & Garlic Naan,TANDOOR BREADS
PUDINA PARATHA,TANDOOR BREADS
BUTTER PUDINA PARATHA,TANDOOR BREADS
GARLIC ROTI,TANDOOR BREADS
BUTTER GARLIC ROTI,TANDOOR BREADS
BUTTER GARLIC NAAN,TANDOOR BREADS
ONION KULCHA,TANDOOR BREADS
GARLIC KULCHA,TANDOOR BREADS
BUTTER GARLIC KULCHA,TANDOOR BREADS
ALOO KULCHA,TANDOOR BREADS
ALOO PARATHA,TANDOOR BREADS
Khasta Roti,TANDOOR BREADS
Test,TANDOOR BREADS
LAGAVULIN -16 YEARS,BAR MALT WHISKY
GLENFIDDICH - 18 YEARS,BAR MALT WHISKY
GLENFIDDICH -15 YEARS,BAR MALT WHISKY
GLENLIVET -15 YEARS,BAR MALT WHISKY
GLENMORANGIE - 10 YEARS,BAR MALT WHISKY
TALISKER -10 YEARS,BAR MALT WHISKY
GLENLIVET - 12 YEARS,BAR MALT WHISKY
CARDHU - 12 YEARS,BAR MALT WHISKY
GLENFIDDICH - 12 YEARS,BAR MALT WHISKY
CAOL ILA - 12 YEARS,BAR MALT WHISKY
AMRUT - AMALGAM,BAR MALT WHISKY
SINGLETON,BAR MALT WHISKY
HIBIKI 12 YEARS,BAR MALT WHISKY
LAPHROAIG 10 YEARS,BAR MALT WHISKY
YAMAZAKI,BAR MALT WHISKY
SUNTORY TOKI,BAR MALT WHISKY
TENJAKU,BAR MALT WHISKY
Indri Single Malt,BAR MALT WHISKY
Paul John Bold,BAR MALT WHISKY
Jura 12 Years,BAR MALT WHISKY
Dalmore 12 Years,BAR MALT WHISKY
The Glenlivet 18 Years,BAR MALT WHISKY
Dalmore 15 Years,BAR MALT WHISKY
CIROC,BAR VODKA & GIN
GREY GOOSE,BAR VODKA & GIN
BELVEDERE,BAR VODKA & GIN
ABSOLUT,BAR VODKA & GIN
ABSOLUT FLAVOUR,BAR VODKA & GIN
KETEL ONE,BAR VODKA & GIN
SMIRNOFF,BAR VODKA & GIN
SMIRNOFF FLAVOUR,BAR VODKA & GIN
GORDON'S,BAR VODKA & GIN
BOMBAY SAPPHIRE,BAR VODKA & GIN
MONKEY 47,BAR VODKA & GIN
HENDRICKS,BAR VODKA & GIN
THE BOTANIST,BAR VODKA & GIN
TANQUERAY,BAR VODKA & GIN
BLUE RIBAND,BAR VODKA & GIN
Norm Inida,BAR VODKA & GIN
Beluga,BAR VODKA & GIN
Russian Standard Platinum,BAR VODKA & GIN
Russian Standard Gold,BAR VODKA & GIN
The Source Sav Blanc Reserve,BAR Wine Indian
The Source Sav Blanc Reserve By Glass,BAR Wine Indian
Rasa Syrah,BAR Wine Indian
Rasa Syrah By Glass,BAR Wine Indian
The Source Grenache Rose By Glass,BAR Wine Indian
Indian Red Wine (by Glass),BAR Wine Indian
Indian White Wine (by Glass),BAR Wine Indian
Indian Rose Wine (by Glass),BAR Wine Indian
Vegetable Stew,COASTAL SPECIAL
Vegetable Gassi,COASTAL SPECIAL
Nilgiri Korma,COASTAL SPECIAL
Edemunchi Chicken,COASTAL SPECIAL
Chicken Mallipuram,COASTAL SPECIAL
Mutton Korma,COASTAL SPECIAL
Chicken Korma,COASTAL SPECIAL
Chicken Jeera Masala,COASTAL SPECIAL
Chicken Stew,COASTAL SPECIAL
Chettinad Chicken,COASTAL SPECIAL
Kori Roti,COASTAL SPECIAL
Neer Dosa(4pc),COASTAL SPECIAL
Appam (2pc),COASTAL SPECIAL
Malabari Paratha (1pc),COASTAL SPECIAL
Tomato Rice,COASTAL SPECIAL
Lemon Rice,COASTAL SPECIAL
Coconut Rice,COASTAL SPECIAL
Ghee Rice,COASTAL SPECIAL
Curd Rice,COASTAL SPECIAL
Clams Chilly & Coriander,COASTAL SPECIAL
Chutney Stuffed Pomfret,COASTAL SPECIAL
Clams In Sukha Mangalorian Masala,COASTAL SPECIAL
Bandas (squid) Masala Fry,COASTAL SPECIAL
Prawns Green Fry,COASTAL SPECIAL
CHICKEN GASSI,COASTAL SPECIAL
CHICKEN GHEE ROAST,COASTAL SPECIAL
CHICKEN SUKHA,COASTAL SPECIAL
MUTTON SUKHA,COASTAL SPECIAL
MUTTON GHEE ROAST,COASTAL SPECIAL
EGG GHEE ROAST,COASTAL SPECIAL
EGG GASSI,COASTAL SPECIAL
PLAIN GASSI,COASTAL SPECIAL
Indian Surmai,INDIAN SEA FOOD
Indian Prawns,INDIAN SEA FOOD
Indian Clams,INDIAN SEA FOOD
Indian Pompfret,INDIAN SEA FOOD
Indian Squid,INDIAN SEA FOOD
Indian Prawns REG,INDIAN SEA FOOD
Indian Rawas,INDIAN SEA FOOD
Indian Malwani Bombil Fry,INDIAN SEA FOOD
Indian Crab,INDIAN SEA FOOD
Indian Lobster,INDIAN SEA FOOD
GULAB JAMUN,PANTRY DESSERTS
ANGOORI RABDI,PANTRY DESSERTS
GAJAR HALWA,PANTRY DESSERTS
MOONGDAL HALWA,PANTRY DESSERTS
HOT PUDDING WITH BUTTER SCOTCH SAUCE,PANTRY DESSERTS
CHOCOLATE FONDUE CAKE,PANTRY DESSERTS
APPLE PIE WITH HOT CUSTARD,PANTRY DESSERTS
HONEY NOODLES WITH VANILLA ICE CREAM,PANTRY DESSERTS
VANILLA ICE CREAM,PANTRY DESSERTS
CHOCOLATE ICE CREAM,PANTRY DESSERTS
STRAWERRY ICE CREAM,PANTRY DESSERTS
BUTTER SCOTCH ICE CREAM,PANTRY DESSERTS
MALAI KULFI,PANTRY DESSERTS
MANGO KULFI,PANTRY DESSERTS
KESAR PISTA KULFI,PANTRY DESSERTS
ROASTED ALMOND KULFI,PANTRY DESSERTS
SAHI GULAB KULFI,PANTRY DESSERTS
MILLENNIUM KULFI,PANTRY DESSERTS
FRUIT OVERLOAD ICE CREAM,PANTRY DESSERTS
BAVARIAN CHOCOLATE ICE CREAM,PANTRY DESSERTS
KULFI RABDI FALOODA,PANTRY DESSERTS
SINGLE TALL CAKE SUNDAE,PANTRY DESSERTS
BROWNIE SUNDAE,PANTRY DESSERTS
HOT FUDGE NUT SUNDAE,PANTRY DESSERTS
BLUE BERRY CHEESE CAKE,PANTRY DESSERTS
CREAM CARAMEL,PANTRY DESSERTS
CARAMEL CUSTARD(EGG LESS),PANTRY DESSERTS
CHOCOLATE MOUSSE,PANTRY DESSERTS
BAVARIAN CHOCOLATE CHEESE CAKE (EGG LESS),PANTRY DESSERTS
TIRAMISU,PANTRY DESSERTS
CAKE HALF KG,PANTRY DESSERTS
DOODHI HALWA,PANTRY DESSERTS
CHOCOLATE PASTRY,PANTRY DESSERTS
ASSORTED COOKIES,PANTRY DESSERTS
Creme Bruleé,PANTRY DESSERTS
Subzi Methi Ki Sheek,TANDOOR STARTER
Dingri Lasooni,TANDOOR STARTER
Doodhai Kabab,TANDOOR STARTER
Paneer Ke Shikanje,TANDOOR STARTER
Bhara Hua Aloo,TANDOOR STARTER
Cheese Aur Subz Ki Sheek,TANDOOR STARTER
Mushroom Galauti,TANDOOR STARTER
Subzi Maharaja Sheek,TANDOOR STARTER
Subzi Papdi Sheek,TANDOOR STARTER
Hari Subzi Aur Makai Ki Sheek,TANDOOR STARTER
Subzi Bhara Aloo,TANDOOR STARTER
Subzi Kurkure Kebab,TANDOOR STARTER
Paneer Saffron Tikka,TANDOOR STARTER
Paneer Peri Peri Tikka,TANDOOR STARTER
Subzi Ka Mela,TANDOOR STARTER
Ludhiyani Tangdi,TANDOOR STARTER
Tandoori Chicken,TANDOOR STARTER
Mutton Kebabs,TANDOOR STARTER
Tandoori Platter,TANDOOR STARTER
PANEER TIKKA,TANDOOR STARTER
PANEER MALAI TIKKA,TANDOOR STARTER
PANEER PAHADI TIKKA,TANDOOR STARTER
CHICKEN TIKKA,TANDOOR STARTER
TANDOORI ALOO,TANDOOR STARTER
TANDOORI GOBI,TANDOOR STARTER
TANDOORI BROCCOLI,TANDOOR STARTER
VEG SHEEK KABAB,TANDOOR STARTER
Chicken Kebabs,TANDOOR STARTER
Prawns  REG,COASTAL SEA FOOD
Prawns,COASTAL SEA FOOD
Rawas,COASTAL SEA FOOD
MALWANI BOMBIL FRY,COASTAL SEA FOOD
Pompfret,COASTAL SEA FOOD
Crab,COASTAL SEA FOOD
Lobster,COASTAL SEA FOOD
Clams,COASTAL SEA FOOD
Coastal Surmai,COASTAL SEA FOOD
Coastal Prawns,COASTAL SEA FOOD
Coastal Clams,COASTAL SEA FOOD
Coastal Pompfret,COASTAL SEA FOOD
Coastal Squid,COASTAL SEA FOOD
Coastal Prawns REG,COASTAL SEA FOOD
Coastal Rawas,COASTAL SEA FOOD
Coastal Malwani Bombil Fry,COASTAL SEA FOOD
Coastal Crab,COASTAL SEA FOOD
Coastal Lobster,COASTAL SEA FOOD
Dim Sum,ORIENTAL STARTER
Dragon Roll,ORIENTAL STARTER
Exotic Stir Fried Vegetable,ORIENTAL STARTER
Chilly Crispy Patato,ORIENTAL STARTER
Cottage Cheese With Three Peppers,ORIENTAL STARTER
Crispy Corn,ORIENTAL STARTER
"Brocoli,babycorn Mushroom Sizzle Chilly",ORIENTAL STARTER
Chilly Basil Mushroom,ORIENTAL STARTER
Kung Pao Patato,ORIENTAL STARTER
Teriyaki Veg,ORIENTAL STARTER
Pepper Blast Paneer,ORIENTAL STARTER
Thod Man Khow Phad,ORIENTAL STARTER
Assorted Stir Fried Vegetable Salt & Pepper,ORIENTAL STARTER
Mushroom Babycorn In Red Chilli Flakes,ORIENTAL STARTER
Paneer Babycorn In Red Chilli Flakes,ORIENTAL STARTER
Babycorn In Red Chilli Flakes,ORIENTAL STARTER
Veg Cheesy Roll,ORIENTAL STARTER
Water Chesnut In Sambal Sauce,ORIENTAL STARTER
Paneer Sambal Sauce,ORIENTAL STARTER
Babycorn In Sambal Sauce,ORIENTAL STARTER
Basil Garlic Cheesy Potato,ORIENTAL STARTER
Crispy Spinach Paneer,ORIENTAL STARTER
Tishing Hai Chicken,ORIENTAL STARTER
Pepper Blast Chicken,ORIENTAL STARTER
Kung Pao Chicken,ORIENTAL STARTER
Roast Lamb In Black Peper,ORIENTAL STARTER
Chicken & Mushroom Cheesey Roll,ORIENTAL STARTER
Stir Fried Chicken Chilly & Basil,ORIENTAL STARTER
Steam Chicken With Stir Fried Vegetables,ORIENTAL STARTER
Chicken Pepper Chilly Garlic,ORIENTAL STARTER
Chicken Hoisin,ORIENTAL STARTER
Chicken Drums In Choice Of Sauce,ORIENTAL STARTER
Spicy Chilly Garlic Chicken,ORIENTAL STARTER
Crispy Spinach Chicken,ORIENTAL STARTER
Devil Chicken,ORIENTAL STARTER
Kai Yooung,ORIENTAL STARTER
Shitake Chicken,ORIENTAL STARTER
Paneer Baby Corn Water Chesnut Brocoli In Sambal Sauce,ORIENTAL STARTER
Mushroom Paneer Babycorn In Red Chilli Flakes,ORIENTAL STARTER
Nam Prick,ORIENTAL STARTER
VEG CRISPY,ORIENTAL STARTER
PANEER CHILLY DRY,ORIENTAL STARTER
VEG MANCHURIAN DRY,ORIENTAL STARTER
KUNG PAO PANEER,ORIENTAL STARTER
KUNG PAO TOFU,ORIENTAL STARTER
PANEER HAKKA STYLE,ORIENTAL STARTER
MUSHROOM HAKKA STYLE,ORIENTAL STARTER
WONTON,ORIENTAL STARTER
Crispy Chicken Chef Style,ORIENTAL STARTER
Chilli Chicken,ORIENTAL STARTER
Juices Fresh,PANTRY APPETISER
Jal Jeera,PANTRY APPETISER
Butter Milk,PANTRY APPETISER
Sol Kadi,PANTRY APPETISER
Kokum Rus,PANTRY APPETISER
Tandoori Surmai,TANDOOR SEA FOOD
Tandoori Prawns  (100 Gms),TANDOOR SEA FOOD
Tandoori Clams,TANDOOR SEA FOOD
Tandoori Pompfret,TANDOOR SEA FOOD
Tandoori Squid,TANDOOR SEA FOOD
Tandoori Prawns REG,TANDOOR SEA FOOD
Tandoori Rawas,TANDOOR SEA FOOD
Tandoori Malwani Bombil Fry,TANDOOR SEA FOOD
Tandoori Crab,TANDOOR SEA FOOD
Tandoori Lobster,TANDOOR SEA FOOD
Tandoori Pomfrate Regular  (400gms),TANDOOR SEA FOOD
Jacobs Creek Chardonnay,BAR Imported Wine
Jacobs Creek Chardonnay By Glass,BAR Imported Wine
Jacobs Cabernet Shiraz,BAR Imported Wine
Jacobs Cabernet Shiraz By Glass,BAR Imported Wine
Barton & Guestier Reserve Merlot,BAR Imported Wine
Barton & Guestier Reserve Merlot By Glass,BAR Imported Wine
Mateus Rose By Glass,BAR Imported Wine
El .Goru Monastrell.Syrah.Petit Verdot,BAR Imported Wine
The Black Shiraz Berton Vineyard,BAR Imported Wine
The Vermentino Berton Vineyard,BAR Imported Wine
Los Vascos Chardonnay,BAR Imported Wine
Casillero Del Diablo Merlot,BAR Imported Wine
Zuccardi Malbec,BAR Imported Wine
Santa Julia Malbec,BAR Imported Wine
Santa Julia Torrontes,BAR Imported Wine
Pampas Del Sur Malbec,BAR Imported Wine
Neserburg Sauvignon Blanc,BAR Imported Wine
Neserburg Shiraz,BAR Imported Wine
GOLD LABEL,BAR SCOTCH WHISKY
CHIVAS REGAL -18 YEARS,BAR SCOTCH WHISKY
BLUE LABEL,BAR SCOTCH WHISKY
BLACK LABEL,BAR SCOTCH WHISKY
CHIVAS REGAL,BAR SCOTCH WHISKY
TEACHER'S 50,BAR SCOTCH WHISKY
BLACK DOG,BAR SCOTCH WHISKY
TEACHER'S ORIGIN,BAR SCOTCH WHISKY
DOUBLE BLACK,BAR SCOTCH WHISKY
MONKEY SHOULDER,BAR SCOTCH WHISKY
TEACHER'S,BAR SCOTCH WHISKY
BLACK & WHITE,BAR SCOTCH WHISKY
100 PIPER,BAR SCOTCH WHISKY
VAT 69,BAR SCOTCH WHISKY
RED LABEL,BAR SCOTCH WHISKY
J & B,BAR SCOTCH WHISKY
BALLANTINES,BAR SCOTCH WHISKY
J W Blonde,BAR SCOTCH WHISKY
Dewars,BAR SCOTCH WHISKY
Macallan 12 Yrs,BAR SCOTCH WHISKY
Chinese Surmai,ORIENTAL SEA FOOD
Chinese Prawns,ORIENTAL SEA FOOD
Chinese Clams,ORIENTAL SEA FOOD
Chinese Pompfret,ORIENTAL SEA FOOD
Chinese Squid,ORIENTAL SEA FOOD
Chinese Prawns REG,ORIENTAL SEA FOOD
Chinese Rawas,ORIENTAL SEA FOOD
Chinese Malwani Bombil Fry,ORIENTAL SEA FOOD
Chinese Crab,ORIENTAL SEA FOOD
Chinese Lobster,ORIENTAL SEA FOOD
Paneer Khurchan,INDIAN MAIN COURSE
Bukhara Kofta Curry,INDIAN MAIN COURSE
Methi Paneer,INDIAN MAIN COURSE
Dum Aloo Amritsari,INDIAN MAIN COURSE
Kumbh Makai Palak,INDIAN MAIN COURSE
Diwani Handi,INDIAN MAIN COURSE
Dum Paneer Kalamiri,INDIAN MAIN COURSE
Peshawari Kofta,INDIAN MAIN COURSE
Mirchi Ka Salan,INDIAN MAIN COURSE
Methi Malai Mutter,INDIAN MAIN COURSE
Kalonji Ka Baigan,INDIAN MAIN COURSE
Pindi Chana,INDIAN MAIN COURSE
Subzi Lahori,INDIAN MAIN COURSE
Bhindi Mirch Masala,INDIAN MAIN COURSE
Phalguni Sabzi,INDIAN MAIN COURSE
Subzi Sunheri,INDIAN MAIN COURSE
Paneer Kofta Hara Masala,INDIAN MAIN COURSE
Chatpata Paneer,INDIAN MAIN COURSE
Subzi Noorani,INDIAN MAIN COURSE
Paneer Lawabdar,INDIAN MAIN COURSE
Moong Dal Aur Methi Ki Subzi,INDIAN MAIN COURSE
Reshmi Paneer,INDIAN MAIN COURSE
Karele Kaju Masala,INDIAN MAIN COURSE
Subzi Kofta Masala,INDIAN MAIN COURSE
Amritsari Dal,INDIAN MAIN COURSE
Dal Tadka,INDIAN MAIN COURSE
Multani Murgh,INDIAN MAIN COURSE
Multani Mutton,INDIAN MAIN COURSE
Murgh Tikhalaal,INDIAN MAIN COURSE
Mutton Tikhalaal,INDIAN MAIN COURSE
Dehati Murg,INDIAN MAIN COURSE
Dehati Lamb,INDIAN MAIN COURSE
Avadhi Chicken,INDIAN MAIN COURSE
Avadhi Lamb,INDIAN MAIN COURSE
Methi Chicken,INDIAN MAIN COURSE
Methi Lamb,INDIAN MAIN COURSE
Tawa Chicken,INDIAN MAIN COURSE
Tawa Lamb,INDIAN MAIN COURSE
Maratha Lamb,INDIAN MAIN COURSE
Maratha Chicken,INDIAN MAIN COURSE
Dhabe Da Murg,INDIAN MAIN COURSE
Dhabe Da Lamb,INDIAN MAIN COURSE
Murgh Bharta Masala,INDIAN MAIN COURSE
Murgh -ka-salan,INDIAN MAIN COURSE
Zafrani Chicken,INDIAN MAIN COURSE
Murg Tikka Nawabi,INDIAN MAIN COURSE
Murg Makhanwala,INDIAN MAIN COURSE
Murg Pudhina Masala,INDIAN MAIN COURSE
Rajasthani Laal Maas,INDIAN MAIN COURSE
Dal Palak Ghost,INDIAN MAIN COURSE
Nalli Kashmiri Rogan,INDIAN MAIN COURSE
Ghost Sofiana,INDIAN MAIN COURSE
Ghost Hara Pyaaz,INDIAN MAIN COURSE
Paneer Tikka Masala,INDIAN MAIN COURSE
LASOONI PALAK,INDIAN MAIN COURSE
PALAK PANEER,INDIAN MAIN COURSE
VEG KADAI,INDIAN MAIN COURSE
PANEER KADAI,INDIAN MAIN COURSE
CHICKEN KADAI,INDIAN MAIN COURSE
VEG KOLHAPURI,INDIAN MAIN COURSE
PANEER MAKHANWALA,INDIAN MAIN COURSE
PANEER BUTTER MASALA,INDIAN MAIN COURSE
MUSHROOM DO PYAZA,INDIAN MAIN COURSE
ALOO JEERA,INDIAN MAIN COURSE
ALOO MUTTER,INDIAN MAIN COURSE
ALOO GOBI,INDIAN MAIN COURSE
LUCKNOWI CHICKEN,INDIAN MAIN COURSE
MUTTON ROGAN JOSH,INDIAN MAIN COURSE
EGG MASALA,INDIAN MAIN COURSE
VEG MAKHANWALA,INDIAN MAIN COURSE
Malai Kofta,INDIAN MAIN COURSE
JACK DANIEL'S,BAR AMERICAN WHISKY
JIM BEAM,BAR AMERICAN WHISKY
JACK DANIELS - APPLE,BAR AMERICAN WHISKY
JACK DANIELS - HONEY,BAR AMERICAN WHISKY
JACK DANIELS - FIRE,BAR AMERICAN WHISKY
BACARDI BREEZER,BAR BEERS & BREEZER
HOEGAARDEN,BAR BEERS & BREEZER
CORONA,BAR BEERS & BREEZER
HEINEKEN,BAR BEERS & BREEZER
BUDWEISER,BAR BEERS & BREEZER
BIRA 91,BAR BEERS & BREEZER
CARLSBERG,BAR BEERS & BREEZER
KINGFISHER ULTRA,BAR BEERS & BREEZER
KINGFISHER STRONG,BAR BEERS & BREEZER
KINGFISHER,BAR BEERS & BREEZER
Heineken Silver,BAR BEERS & BREEZER
Budweiser Magnum,BAR BEERS & BREEZER
Kingfisher Ultra Max,BAR BEERS & BREEZER
ANTIQUITY BLUE,BAR DOMESTIC WHISKY
ROYAL CHALLENGE,BAR DOMESTIC WHISKY
BLENDER'S PRIDE,BAR DOMESTIC WHISKY
SIGNATURE,BAR DOMESTIC WHISKY
SAUZA (GOLD),BAR TEQUILA & COGNAC
SAUZA (SILVER),BAR TEQUILA & COGNAC
JOSE COERO (GOLD),BAR TEQUILA & COGNAC
JOSE COERO (SILVER),BAR TEQUILA & COGNAC
SIEMPRE REPOSADO,BAR TEQUILA & COGNAC
SIEMPRE SILVER,BAR TEQUILA & COGNAC
XO,BAR TEQUILA & COGNAC
VSOP,BAR TEQUILA & COGNAC
VS,BAR TEQUILA & COGNAC
PISCO,BAR TEQUILA & COGNAC
PISCO ACHOLADO,BAR TEQUILA & COGNAC
PISCO MOSTO VERDE,BAR TEQUILA & COGNAC
Brandy,BAR TEQUILA & COGNAC
"Tofu,babycorn,mushroom,broccoli In Lemon & Paper Sauce",ORIENTAL MAIN COURSE
Three Treasure Vegetables In Choice Of Sauce,ORIENTAL MAIN COURSE
Exotic Veg In Sambal Oelek Sauce,ORIENTAL MAIN COURSE
Cottage Cheese & Mushroom In Black Bean Sauce,ORIENTAL MAIN COURSE
Vegetables In Chilly Mustard Sauce/green Garlic Sauce,ORIENTAL MAIN COURSE
Exotic Hot Pot Vegtable,ORIENTAL MAIN COURSE
Spice Corn Ball In Choice Of Sauce,ORIENTAL MAIN COURSE
Veg Barbeque Sauce,ORIENTAL MAIN COURSE
Chicken In Chilly Mustard Sauce,ORIENTAL MAIN COURSE
Chicken Clay Pot,ORIENTAL MAIN COURSE
Chicken In Malaysian Curry,ORIENTAL MAIN COURSE
Chicken In Chilly Soya,ORIENTAL MAIN COURSE
Chicken & Mushroom In Oyster Sauce,ORIENTAL MAIN COURSE
Chicken Hunan,ORIENTAL MAIN COURSE
Chicken In Szechwan Style,ORIENTAL MAIN COURSE
Shredded Chicken In Mixed Pepper,ORIENTAL MAIN COURSE
Chicken Barbeque Sauce,ORIENTAL MAIN COURSE
Chicken Samble Oelek Sauce,ORIENTAL MAIN COURSE
Roast Lamb In Hongkong Style,ORIENTAL MAIN COURSE
Roast Lamb In Honey And Ginger,ORIENTAL MAIN COURSE
Lamb In Burnt Chilly Sauce,ORIENTAL MAIN COURSE
THAI CURRY GREEN,ORIENTAL MAIN COURSE
THAI CURRY RED,ORIENTAL MAIN COURSE
Long Island Ice Tea,BAR CLASSIC COCKTAILS
Margarita,BAR CLASSIC COCKTAILS
Bloody Mary,BAR CLASSIC COCKTAILS
Pina Colada,BAR CLASSIC COCKTAILS
Planters Punch,BAR CLASSIC COCKTAILS
Screw Driver,BAR CLASSIC COCKTAILS
Whisky Sour,BAR CLASSIC COCKTAILS
Cosmopolitan,BAR CLASSIC COCKTAILS
Mojito,BAR CLASSIC COCKTAILS
Frozen Jungle Daiquiri,BAR CLASSIC COCKTAILS
Side Car,BAR CLASSIC COCKTAILS
Stinger,BAR CLASSIC COCKTAILS
Manhattan,BAR CLASSIC COCKTAILS
Old Fashioned,BAR CLASSIC COCKTAILS
White Lady,BAR CLASSIC COCKTAILS
Negroni,BAR CLASSIC COCKTAILS
Sex On The Beach,BAR CLASSIC COCKTAILS
Between The Sheets,BAR CLASSIC COCKTAILS
Sunrise Tequila,BAR CLASSIC COCKTAILS
Blue Lagoon,BAR CLASSIC COCKTAILS
Caprioska,BAR CLASSIC COCKTAILS
Sangria,BAR CLASSIC COCKTAILS
Heaven Melon,BAR CLASSIC COCKTAILS
Martini,BAR CLASSIC COCKTAILS
Vodka Tini,BAR CLASSIC COCKTAILS
Bull Frog,BAR CLASSIC COCKTAILS
Double Bull Frog,BAR CLASSIC COCKTAILS
Toddy,BAR CLASSIC COCKTAILS
Gimlet,BAR CLASSIC COCKTAILS
Cranberry Classic,BAR CLASSIC COCKTAILS
Guava Delight,BAR CLASSIC COCKTAILS
Kamikaze,BAR CLASSIC COCKTAILS
Whisky Sour Chivas Regal 18 Yrs,BAR CLASSIC COCKTAILS
Whisky Sour Jura,BAR CLASSIC COCKTAILS
Hara Bhara Kabab,INDIAN STARTER & SOUP
TOMATO SOUP,INDIAN STARTER & SOUP
TOMATO BASIL SOUP,INDIAN STARTER & SOUP
SHORBA,INDIAN STARTER & SOUP
Dum Pukht Biryani,INDIAN BIRYANI & PULAO
Hyderabadi Biryani,INDIAN BIRYANI & PULAO
Bhatkal Biryani,INDIAN BIRYANI & PULAO
Kolkata Biryani,INDIAN BIRYANI & PULAO
Navratan Pulao,INDIAN BIRYANI & PULAO
Jeera Rice,INDIAN BIRYANI & PULAO
Basmati Rice,INDIAN BIRYANI & PULAO
Brown Rice,INDIAN BIRYANI & PULAO
Sea Food Dum Biryani,INDIAN BIRYANI & PULAO
EGG BIRYANI,INDIAN BIRYANI & PULAO
DAL KHICHDI,INDIAN BIRYANI & PULAO
DAL PALAK KHICHDI,INDIAN BIRYANI & PULAO
PALAK KHICHDI,INDIAN BIRYANI & PULAO
VEG PULAO,INDIAN BIRYANI & PULAO
PEAS PULAO,INDIAN BIRYANI & PULAO
THIN BLUE LINE,BAR LIQUEURS & SHOOTERS
B52,BAR LIQUEURS & SHOOTERS
LAMBORGHINI,BAR LIQUEURS & SHOOTERS
COINTREAU,BAR LIQUEURS & SHOOTERS
BAILEY'S IRISH CREAM,BAR LIQUEURS & SHOOTERS
JAGERMEISTER,BAR LIQUEURS & SHOOTERS
SAMBUCA,BAR LIQUEURS & SHOOTERS
BLUE CURACAO,BAR LIQUEURS & SHOOTERS
Creme De Menthe,BAR LIQUEURS & SHOOTERS
Kahlua,BAR LIQUEURS & SHOOTERS
Spicy Malaysian Noodles,ORIENTAL RICE & NOODLES
Fragrance Rice,ORIENTAL RICE & NOODLES
Oriental Noodles,ORIENTAL RICE & NOODLES
FRIED RICE,ORIENTAL RICE & NOODLES
SZECHWAN FRIED RICE,ORIENTAL RICE & NOODLES
CORIANDER NOODLES,ORIENTAL RICE & NOODLES
HONG KONG NOODLES,ORIENTAL RICE & NOODLES
MALAYSIAN NOODLES,ORIENTAL RICE & NOODLES
BURNT GARLIC RICE,ORIENTAL RICE & NOODLES
BURNT GARLIC NOODLES,ORIENTAL RICE & NOODLES
SHANGHAI RICE,ORIENTAL RICE & NOODLES
SHANGHAI NOODLES,ORIENTAL RICE & NOODLES
ORIENTAL RICE,ORIENTAL RICE & NOODLES
GREEN PEPPER NOODLES,ORIENTAL RICE & NOODLES
YANMEIN NOODLES,ORIENTAL RICE & NOODLES
HOT POT RICE,ORIENTAL RICE & NOODLES
HOT POT NOODLES,ORIENTAL RICE & NOODLES
FUTCHI RICE,ORIENTAL RICE & NOODLES
FUTCHI NOODLES,ORIENTAL RICE & NOODLES
FORTUNE RICE,ORIENTAL RICE & NOODLES
FORTUNE NOODLES,ORIENTAL RICE & NOODLES
SPICY LIME RICE,ORIENTAL RICE & NOODLES
SPICY LIME NOODLES,ORIENTAL RICE & NOODLES
AMERICAN CHOPSUEY,ORIENTAL RICE & NOODLES
HAKKA NOODLES,ORIENTAL RICE & NOODLES
SZECHWAN NOODLE,ORIENTAL RICE & NOODLES
THAI FRIED RICE,ORIENTAL RICE & NOODLES
PAN FRIED NOODLES,ORIENTAL RICE & NOODLES
Thai Herb Rice,ORIENTAL RICE & NOODLES
CAMPARI,BAR APERITIF & IRISH WHISKY
MARTINI (dry/swee),BAR APERITIF & IRISH WHISKY
JAMESON,BAR APERITIF & IRISH WHISKY
Henri Bardouin Pastis,BAR APERITIF & IRISH WHISKY
Raita,"PANTRY SALAD , RAITA & MORE"
Plain Curd,"PANTRY SALAD , RAITA & MORE"
Khasta Chaat,"PANTRY SALAD , RAITA & MORE"
Amaercian Cole Slaw,"PANTRY SALAD , RAITA & MORE"
Ceasar Salad,"PANTRY SALAD , RAITA & MORE"
Healthy Wealthy Salad,"PANTRY SALAD , RAITA & MORE"
Fresh Spinach & Lettuce Salad,"PANTRY SALAD , RAITA & MORE"
Fresh Garden Salad,"PANTRY SALAD , RAITA & MORE"
Tossed Salad,"PANTRY SALAD , RAITA & MORE"
Green Salad,"PANTRY SALAD , RAITA & MORE"
Hawain Salad,"PANTRY SALAD , RAITA & MORE"
Saladde Annabella,"PANTRY SALAD , RAITA & MORE"
Papad Masala,"PANTRY SALAD , RAITA & MORE"
Papad Fried,"PANTRY SALAD , RAITA & MORE"
ROASTED PAPAD,"PANTRY SALAD , RAITA & MORE"
ROASTED MASALA PAPAD,"PANTRY SALAD , RAITA & MORE"
Cheese Cherry Pineapple,"PANTRY SALAD , RAITA & MORE"
